run_number,run_id,repository,task,task_type,condition,repetition
1,R01-TB-BF-02,R01,B,cross_module_feature,goga_forced_workflow,2
2,R01-TB-BF-01,R01,B,cross_module_feature,goga_forced_workflow,1
3,R08-TB-BF-01,R08,B,cross_module_feature,goga_forced_workflow,1
4,R01-TC-BF-04,R01,C,existing_extension_point,goga_forced_workflow,4
5,R07-TB-BF-04,R07,B,cross_module_feature,goga_forced_workflow,4
6,R06-TD-BF-06,R06,D,architecture_trap,goga_forced_workflow,6
7,R03-TA-BF-09,R03,A,local_change,goga_forced_workflow,9
8,R03-TC-BF-07,R03,C,existing_extension_point,goga_forced_workflow,7
9,R03-TC-BF-05,R03,C,existing_extension_point,goga_forced_workflow,5
10,R01-TD-BF-07,R01,D,architecture_trap,goga_forced_workflow,7
11,R10-TB-BF-09,R10,B,cross_module_feature,goga_forced_workflow,9
12,R06-TC-BF-06,R06,C,existing_extension_point,goga_forced_workflow,6
13,R06-TA-BF-09,R06,A,local_change,goga_forced_workflow,9
14,R09-TD-BF-08,R09,D,architecture_trap,goga_forced_workflow,8
15,R05-TC-BF-07,R05,C,existing_extension_point,goga_forced_workflow,7
16,R08-TA-BF-04,R08,A,local_change,goga_forced_workflow,4
17,R04-TD-BF-07,R04,D,architecture_trap,goga_forced_workflow,7
18,R09-TA-BF-06,R09,A,local_change,goga_forced_workflow,6
19,R08-TC-BF-04,R08,C,existing_extension_point,goga_forced_workflow,4
20,R09-TB-BF-03,R09,B,cross_module_feature,goga_forced_workflow,3
21,R08-TD-BF-02,R08,D,architecture_trap,goga_forced_workflow,2
22,R04-TD-BF-08,R04,D,architecture_trap,goga_forced_workflow,8
23,R06-TB-BF-01,R06,B,cross_module_feature,goga_forced_workflow,1
24,R02-TC-BF-01,R02,C,existing_extension_point,goga_forced_workflow,1
25,R02-TD-BF-05,R02,D,architecture_trap,goga_forced_workflow,5
26,R02-TA-BF-08,R02,A,local_change,goga_forced_workflow,8
27,R01-TB-BF-07,R01,B,cross_module_feature,goga_forced_workflow,7
28,R08-TA-BF-02,R08,A,local_change,goga_forced_workflow,2
29,R08-TD-BF-05,R08,D,architecture_trap,goga_forced_workflow,5
30,R02-TC-BF-06,R02,C,existing_extension_point,goga_forced_workflow,6
31,R06-TC-BF-05,R06,C,existing_extension_point,goga_forced_workflow,5
32,R05-TD-BF-03,R05,D,architecture_trap,goga_forced_workflow,3
33,R02-TB-BF-09,R02,B,cross_module_feature,goga_forced_workflow,9
34,R01-TC-BF-08,R01,C,existing_extension_point,goga_forced_workflow,8
35,R03-TD-BF-07,R03,D,architecture_trap,goga_forced_workflow,7
36,R03-TD-BF-01,R03,D,architecture_trap,goga_forced_workflow,1
37,R05-TD-BF-07,R05,D,architecture_trap,goga_forced_workflow,7
38,R02-TB-BF-04,R02,B,cross_module_feature,goga_forced_workflow,4
39,R05-TC-BF-08,R05,C,existing_extension_point,goga_forced_workflow,8
40,R09-TC-BF-06,R09,C,existing_extension_point,goga_forced_workflow,6
41,R03-TD-BF-02,R03,D,architecture_trap,goga_forced_workflow,2
42,R06-TB-BF-10,R06,B,cross_module_feature,goga_forced_workflow,10
43,R06-TD-BF-05,R06,D,architecture_trap,goga_forced_workflow,5
44,R02-TB-BF-01,R02,B,cross_module_feature,goga_forced_workflow,1
45,R09-TD-BF-05,R09,D,architecture_trap,goga_forced_workflow,5
46,R10-TD-BF-01,R10,D,architecture_trap,goga_forced_workflow,1
47,R07-TC-BF-01,R07,C,existing_extension_point,goga_forced_workflow,1
48,R05-TB-BF-03,R05,B,cross_module_feature,goga_forced_workflow,3
49,R06-TB-BF-08,R06,B,cross_module_feature,goga_forced_workflow,8
50,R09-TC-BF-09,R09,C,existing_extension_point,goga_forced_workflow,9
51,R08-TA-BF-10,R08,A,local_change,goga_forced_workflow,10
52,R08-TA-BF-07,R08,A,local_change,goga_forced_workflow,7
53,R09-TB-BF-04,R09,B,cross_module_feature,goga_forced_workflow,4
54,R07-TA-BF-06,R07,A,local_change,goga_forced_workflow,6
55,R03-TB-BF-05,R03,B,cross_module_feature,goga_forced_workflow,5
56,R04-TB-BF-01,R04,B,cross_module_feature,goga_forced_workflow,1
57,R09-TD-BF-02,R09,D,architecture_trap,goga_forced_workflow,2
58,R08-TB-BF-05,R08,B,cross_module_feature,goga_forced_workflow,5
59,R06-TD-BF-09,R06,D,architecture_trap,goga_forced_workflow,9
60,R09-TB-BF-10,R09,B,cross_module_feature,goga_forced_workflow,10
61,R10-TC-BF-06,R10,C,existing_extension_point,goga_forced_workflow,6
62,R03-TA-BF-08,R03,A,local_change,goga_forced_workflow,8
63,R04-TA-BF-06,R04,A,local_change,goga_forced_workflow,6
64,R05-TA-BF-01,R05,A,local_change,goga_forced_workflow,1
65,R06-TA-BF-05,R06,A,local_change,goga_forced_workflow,5
66,R03-TC-BF-08,R03,C,existing_extension_point,goga_forced_workflow,8
67,R06-TA-BF-04,R06,A,local_change,goga_forced_workflow,4
68,R05-TD-BF-10,R05,D,architecture_trap,goga_forced_workflow,10
69,R08-TB-BF-03,R08,B,cross_module_feature,goga_forced_workflow,3
70,R08-TD-BF-10,R08,D,architecture_trap,goga_forced_workflow,10
71,R01-TB-BF-06,R01,B,cross_module_feature,goga_forced_workflow,6
72,R06-TB-BF-06,R06,B,cross_module_feature,goga_forced_workflow,6
73,R04-TC-BF-02,R04,C,existing_extension_point,goga_forced_workflow,2
74,R01-TA-BF-10,R01,A,local_change,goga_forced_workflow,10
75,R06-TC-BF-01,R06,C,existing_extension_point,goga_forced_workflow,1
76,R09-TC-BF-07,R09,C,existing_extension_point,goga_forced_workflow,7
77,R09-TB-BF-08,R09,B,cross_module_feature,goga_forced_workflow,8
78,R07-TD-BF-05,R07,D,architecture_trap,goga_forced_workflow,5
79,R04-TA-BF-02,R04,A,local_change,goga_forced_workflow,2
80,R08-TD-BF-04,R08,D,architecture_trap,goga_forced_workflow,4
81,R03-TB-BF-03,R03,B,cross_module_feature,goga_forced_workflow,3
82,R06-TB-BF-07,R06,B,cross_module_feature,goga_forced_workflow,7
83,R03-TD-BF-09,R03,D,architecture_trap,goga_forced_workflow,9
84,R06-TD-BF-02,R06,D,architecture_trap,goga_forced_workflow,2
85,R01-TC-BF-02,R01,C,existing_extension_point,goga_forced_workflow,2
86,R10-TD-BF-10,R10,D,architecture_trap,goga_forced_workflow,10
87,R01-TA-BF-07,R01,A,local_change,goga_forced_workflow,7
88,R02-TD-BF-06,R02,D,architecture_trap,goga_forced_workflow,6
89,R05-TB-BF-01,R05,B,cross_module_feature,goga_forced_workflow,1
90,R03-TC-BF-09,R03,C,existing_extension_point,goga_forced_workflow,9
91,R10-TD-BF-08,R10,D,architecture_trap,goga_forced_workflow,8
92,R06-TB-BF-03,R06,B,cross_module_feature,goga_forced_workflow,3
93,R10-TA-BF-06,R10,A,local_change,goga_forced_workflow,6
94,R05-TD-BF-02,R05,D,architecture_trap,goga_forced_workflow,2
95,R10-TD-BF-05,R10,D,architecture_trap,goga_forced_workflow,5
96,R03-TA-BF-05,R03,A,local_change,goga_forced_workflow,5
97,R04-TC-BF-07,R04,C,existing_extension_point,goga_forced_workflow,7
98,R03-TA-BF-07,R03,A,local_change,goga_forced_workflow,7
99,R07-TD-BF-06,R07,D,architecture_trap,goga_forced_workflow,6
100,R01-TC-BF-07,R01,C,existing_extension_point,goga_forced_workflow,7
101,R05-TC-BF-01,R05,C,existing_extension_point,goga_forced_workflow,1
102,R04-TB-BF-04,R04,B,cross_module_feature,goga_forced_workflow,4
103,R08-TD-BF-08,R08,D,architecture_trap,goga_forced_workflow,8
104,R08-TC-BF-01,R08,C,existing_extension_point,goga_forced_workflow,1
105,R08-TB-BF-10,R08,B,cross_module_feature,goga_forced_workflow,10
106,R03-TD-BF-03,R03,D,architecture_trap,goga_forced_workflow,3
107,R03-TC-BF-03,R03,C,existing_extension_point,goga_forced_workflow,3
108,R05-TB-BF-02,R05,B,cross_module_feature,goga_forced_workflow,2
109,R01-TA-BF-01,R01,A,local_change,goga_forced_workflow,1
110,R01-TB-BF-03,R01,B,cross_module_feature,goga_forced_workflow,3
111,R10-TD-BF-07,R10,D,architecture_trap,goga_forced_workflow,7
112,R03-TA-BF-10,R03,A,local_change,goga_forced_workflow,10
113,R07-TB-BF-10,R07,B,cross_module_feature,goga_forced_workflow,10
114,R01-TD-BF-05,R01,D,architecture_trap,goga_forced_workflow,5
115,R05-TA-BF-05,R05,A,local_change,goga_forced_workflow,5
116,R01-TD-BF-10,R01,D,architecture_trap,goga_forced_workflow,10
117,R09-TC-BF-08,R09,C,existing_extension_point,goga_forced_workflow,8
118,R06-TA-BF-02,R06,A,local_change,goga_forced_workflow,2
119,R04-TB-BF-02,R04,B,cross_module_feature,goga_forced_workflow,2
120,R02-TA-BF-07,R02,A,local_change,goga_forced_workflow,7
121,R01-TA-BF-06,R01,A,local_change,goga_forced_workflow,6
122,R08-TA-BF-03,R08,A,local_change,goga_forced_workflow,3
123,R09-TA-BF-08,R09,A,local_change,goga_forced_workflow,8
124,R03-TB-BF-10,R03,B,cross_module_feature,goga_forced_workflow,10
125,R07-TC-BF-05,R07,C,existing_extension_point,goga_forced_workflow,5
126,R06-TB-BF-05,R06,B,cross_module_feature,goga_forced_workflow,5
127,R02-TC-BF-02,R02,C,existing_extension_point,goga_forced_workflow,2
128,R09-TD-BF-09,R09,D,architecture_trap,goga_forced_workflow,9
129,R07-TA-BF-01,R07,A,local_change,goga_forced_workflow,1
130,R05-TA-BF-06,R05,A,local_change,goga_forced_workflow,6
131,R10-TB-BF-03,R10,B,cross_module_feature,goga_forced_workflow,3
132,R09-TB-BF-01,R09,B,cross_module_feature,goga_forced_workflow,1
133,R03-TD-BF-08,R03,D,architecture_trap,goga_forced_workflow,8
134,R04-TA-BF-04,R04,A,local_change,goga_forced_workflow,4
135,R06-TA-BF-01,R06,A,local_change,goga_forced_workflow,1
136,R07-TD-BF-04,R07,D,architecture_trap,goga_forced_workflow,4
137,R03-TD-BF-04,R03,D,architecture_trap,goga_forced_workflow,4
138,R06-TD-BF-08,R06,D,architecture_trap,goga_forced_workflow,8
139,R07-TB-BF-09,R07,B,cross_module_feature,goga_forced_workflow,9
140,R04-TA-BF-01,R04,A,local_change,goga_forced_workflow,1
141,R07-TB-BF-01,R07,B,cross_module_feature,goga_forced_workflow,1
142,R08-TC-BF-05,R08,C,existing_extension_point,goga_forced_workflow,5
143,R02-TD-BF-03,R02,D,architecture_trap,goga_forced_workflow,3
144,R02-TA-BF-06,R02,A,local_change,goga_forced_workflow,6
145,R04-TA-BF-03,R04,A,local_change,goga_forced_workflow,3
146,R10-TA-BF-09,R10,A,local_change,goga_forced_workflow,9
147,R05-TC-BF-02,R05,C,existing_extension_point,goga_forced_workflow,2
148,R07-TB-BF-07,R07,B,cross_module_feature,goga_forced_workflow,7
149,R07-TC-BF-08,R07,C,existing_extension_point,goga_forced_workflow,8
150,R02-TD-BF-07,R02,D,architecture_trap,goga_forced_workflow,7
151,R10-TD-BF-09,R10,D,architecture_trap,goga_forced_workflow,9
152,R02-TD-BF-01,R02,D,architecture_trap,goga_forced_workflow,1
153,R04-TC-BF-10,R04,C,existing_extension_point,goga_forced_workflow,10
154,R02-TC-BF-04,R02,C,existing_extension_point,goga_forced_workflow,4
155,R03-TB-BF-06,R03,B,cross_module_feature,goga_forced_workflow,6
156,R09-TC-BF-10,R09,C,existing_extension_point,goga_forced_workflow,10
157,R08-TA-BF-08,R08,A,local_change,goga_forced_workflow,8
158,R03-TC-BF-10,R03,C,existing_extension_point,goga_forced_workflow,10
159,R06-TB-BF-02,R06,B,cross_module_feature,goga_forced_workflow,2
160,R10-TB-BF-04,R10,B,cross_module_feature,goga_forced_workflow,4
161,R08-TD-BF-09,R08,D,architecture_trap,goga_forced_workflow,9
162,R02-TA-BF-05,R02,A,local_change,goga_forced_workflow,5
163,R10-TD-BF-04,R10,D,architecture_trap,goga_forced_workflow,4
164,R05-TD-BF-09,R05,D,architecture_trap,goga_forced_workflow,9
165,R05-TA-BF-10,R05,A,local_change,goga_forced_workflow,10
166,R10-TB-BF-06,R10,B,cross_module_feature,goga_forced_workflow,6
167,R01-TC-BF-10,R01,C,existing_extension_point,goga_forced_workflow,10
168,R02-TB-BF-03,R02,B,cross_module_feature,goga_forced_workflow,3
169,R07-TB-BF-05,R07,B,cross_module_feature,goga_forced_workflow,5
170,R05-TD-BF-06,R05,D,architecture_trap,goga_forced_workflow,6
171,R09-TB-BF-06,R09,B,cross_module_feature,goga_forced_workflow,6
172,R04-TD-BF-10,R04,D,architecture_trap,goga_forced_workflow,10
173,R05-TA-BF-08,R05,A,local_change,goga_forced_workflow,8
174,R09-TB-BF-07,R09,B,cross_module_feature,goga_forced_workflow,7
175,R04-TD-BF-02,R04,D,architecture_trap,goga_forced_workflow,2
176,R10-TA-BF-02,R10,A,local_change,goga_forced_workflow,2
177,R03-TA-BF-03,R03,A,local_change,goga_forced_workflow,3
178,R09-TD-BF-07,R09,D,architecture_trap,goga_forced_workflow,7
179,R10-TB-BF-05,R10,B,cross_module_feature,goga_forced_workflow,5
180,R04-TD-BF-09,R04,D,architecture_trap,goga_forced_workflow,9
181,R10-TB-BF-01,R10,B,cross_module_feature,goga_forced_workflow,1
182,R02-TA-BF-02,R02,A,local_change,goga_forced_workflow,2
183,R06-TB-BF-09,R06,B,cross_module_feature,goga_forced_workflow,9
184,R02-TD-BF-02,R02,D,architecture_trap,goga_forced_workflow,2
185,R08-TB-BF-09,R08,B,cross_module_feature,goga_forced_workflow,9
186,R07-TA-BF-07,R07,A,local_change,goga_forced_workflow,7
187,R02-TD-BF-09,R02,D,architecture_trap,goga_forced_workflow,9
188,R05-TA-BF-04,R05,A,local_change,goga_forced_workflow,4
189,R01-TB-BF-04,R01,B,cross_module_feature,goga_forced_workflow,4
190,R04-TA-BF-09,R04,A,local_change,goga_forced_workflow,9
191,R04-TB-BF-07,R04,B,cross_module_feature,goga_forced_workflow,7
192,R03-TC-BF-01,R03,C,existing_extension_point,goga_forced_workflow,1
193,R08-TC-BF-06,R08,C,existing_extension_point,goga_forced_workflow,6
194,R08-TC-BF-08,R08,C,existing_extension_point,goga_forced_workflow,8
195,R09-TC-BF-03,R09,C,existing_extension_point,goga_forced_workflow,3
196,R10-TB-BF-10,R10,B,cross_module_feature,goga_forced_workflow,10
197,R08-TB-BF-08,R08,B,cross_module_feature,goga_forced_workflow,8
198,R10-TA-BF-03,R10,A,local_change,goga_forced_workflow,3
199,R02-TA-BF-03,R02,A,local_change,goga_forced_workflow,3
200,R06-TD-BF-10,R06,D,architecture_trap,goga_forced_workflow,10
201,R10-TC-BF-02,R10,C,existing_extension_point,goga_forced_workflow,2
202,R02-TB-BF-05,R02,B,cross_module_feature,goga_forced_workflow,5
203,R05-TB-BF-09,R05,B,cross_module_feature,goga_forced_workflow,9
204,R04-TB-BF-08,R04,B,cross_module_feature,goga_forced_workflow,8
205,R08-TB-BF-06,R08,B,cross_module_feature,goga_forced_workflow,6
206,R02-TD-BF-10,R02,D,architecture_trap,goga_forced_workflow,10
207,R03-TA-BF-06,R03,A,local_change,goga_forced_workflow,6
208,R06-TC-BF-09,R06,C,existing_extension_point,goga_forced_workflow,9
209,R05-TC-BF-09,R05,C,existing_extension_point,goga_forced_workflow,9
210,R06-TC-BF-10,R06,C,existing_extension_point,goga_forced_workflow,10
211,R10-TC-BF-03,R10,C,existing_extension_point,goga_forced_workflow,3
212,R02-TA-BF-01,R02,A,local_change,goga_forced_workflow,1
213,R06-TB-BF-04,R06,B,cross_module_feature,goga_forced_workflow,4
214,R02-TB-BF-07,R02,B,cross_module_feature,goga_forced_workflow,7
215,R08-TC-BF-09,R08,C,existing_extension_point,goga_forced_workflow,9
216,R07-TA-BF-09,R07,A,local_change,goga_forced_workflow,9
217,R05-TB-BF-06,R05,B,cross_module_feature,goga_forced_workflow,6
218,R05-TD-BF-01,R05,D,architecture_trap,goga_forced_workflow,1
219,R10-TA-BF-01,R10,A,local_change,goga_forced_workflow,1
220,R04-TC-BF-08,R04,C,existing_extension_point,goga_forced_workflow,8
221,R09-TD-BF-01,R09,D,architecture_trap,goga_forced_workflow,1
222,R07-TC-BF-06,R07,C,existing_extension_point,goga_forced_workflow,6
223,R09-TC-BF-02,R09,C,existing_extension_point,goga_forced_workflow,2
224,R10-TC-BF-04,R10,C,existing_extension_point,goga_forced_workflow,4
225,R08-TD-BF-01,R08,D,architecture_trap,goga_forced_workflow,1
226,R07-TD-BF-02,R07,D,architecture_trap,goga_forced_workflow,2
227,R03-TC-BF-04,R03,C,existing_extension_point,goga_forced_workflow,4
228,R01-TC-BF-01,R01,C,existing_extension_point,goga_forced_workflow,1
229,R01-TA-BF-02,R01,A,local_change,goga_forced_workflow,2
230,R07-TD-BF-03,R07,D,architecture_trap,goga_forced_workflow,3
231,R04-TA-BF-08,R04,A,local_change,goga_forced_workflow,8
232,R03-TA-BF-04,R03,A,local_change,goga_forced_workflow,4
233,R10-TA-BF-08,R10,A,local_change,goga_forced_workflow,8
234,R01-TC-BF-09,R01,C,existing_extension_point,goga_forced_workflow,9
235,R04-TB-BF-06,R04,B,cross_module_feature,goga_forced_workflow,6
236,R03-TB-BF-04,R03,B,cross_module_feature,goga_forced_workflow,4
237,R04-TD-BF-03,R04,D,architecture_trap,goga_forced_workflow,3
238,R06-TD-BF-07,R06,D,architecture_trap,goga_forced_workflow,7
239,R07-TB-BF-03,R07,B,cross_module_feature,goga_forced_workflow,3
240,R08-TA-BF-01,R08,A,local_change,goga_forced_workflow,1
241,R02-TC-BF-05,R02,C,existing_extension_point,goga_forced_workflow,5
242,R10-TC-BF-10,R10,C,existing_extension_point,goga_forced_workflow,10
243,R09-TB-BF-09,R09,B,cross_module_feature,goga_forced_workflow,9
244,R10-TA-BF-05,R10,A,local_change,goga_forced_workflow,5
245,R09-TA-BF-10,R09,A,local_change,goga_forced_workflow,10
246,R03-TC-BF-06,R03,C,existing_extension_point,goga_forced_workflow,6
247,R08-TC-BF-07,R08,C,existing_extension_point,goga_forced_workflow,7
248,R02-TC-BF-10,R02,C,existing_extension_point,goga_forced_workflow,10
249,R07-TD-BF-01,R07,D,architecture_trap,goga_forced_workflow,1
250,R01-TB-BF-09,R01,B,cross_module_feature,goga_forced_workflow,9
251,R07-TB-BF-06,R07,B,cross_module_feature,goga_forced_workflow,6
252,R09-TA-BF-09,R09,A,local_change,goga_forced_workflow,9
253,R10-TC-BF-09,R10,C,existing_extension_point,goga_forced_workflow,9
254,R05-TB-BF-10,R05,B,cross_module_feature,goga_forced_workflow,10
255,R01-TA-BF-09,R01,A,local_change,goga_forced_workflow,9
256,R04-TA-BF-05,R04,A,local_change,goga_forced_workflow,5
257,R05-TC-BF-06,R05,C,existing_extension_point,goga_forced_workflow,6
258,R07-TB-BF-08,R07,B,cross_module_feature,goga_forced_workflow,8
259,R09-TA-BF-07,R09,A,local_change,goga_forced_workflow,7
260,R02-TC-BF-09,R02,C,existing_extension_point,goga_forced_workflow,9
261,R08-TB-BF-04,R08,B,cross_module_feature,goga_forced_workflow,4
262,R02-TA-BF-04,R02,A,local_change,goga_forced_workflow,4
263,R06-TC-BF-08,R06,C,existing_extension_point,goga_forced_workflow,8
264,R10-TC-BF-01,R10,C,existing_extension_point,goga_forced_workflow,1
265,R06-TA-BF-03,R06,A,local_change,goga_forced_workflow,3
266,R06-TC-BF-07,R06,C,existing_extension_point,goga_forced_workflow,7
267,R09-TA-BF-02,R09,A,local_change,goga_forced_workflow,2
268,R10-TC-BF-08,R10,C,existing_extension_point,goga_forced_workflow,8
269,R07-TC-BF-10,R07,C,existing_extension_point,goga_forced_workflow,10
270,R02-TC-BF-08,R02,C,existing_extension_point,goga_forced_workflow,8
271,R04-TA-BF-10,R04,A,local_change,goga_forced_workflow,10
272,R05-TA-BF-03,R05,A,local_change,goga_forced_workflow,3
273,R10-TB-BF-02,R10,B,cross_module_feature,goga_forced_workflow,2
274,R06-TD-BF-01,R06,D,architecture_trap,goga_forced_workflow,1
275,R04-TD-BF-05,R04,D,architecture_trap,goga_forced_workflow,5
276,R06-TA-BF-07,R06,A,local_change,goga_forced_workflow,7
277,R06-TA-BF-06,R06,A,local_change,goga_forced_workflow,6
278,R04-TD-BF-04,R04,D,architecture_trap,goga_forced_workflow,4
279,R07-TB-BF-02,R07,B,cross_module_feature,goga_forced_workflow,2
280,R04-TC-BF-06,R04,C,existing_extension_point,goga_forced_workflow,6
281,R08-TA-BF-06,R08,A,local_change,goga_forced_workflow,6
282,R07-TA-BF-10,R07,A,local_change,goga_forced_workflow,10
283,R07-TD-BF-10,R07,D,architecture_trap,goga_forced_workflow,10
284,R09-TC-BF-01,R09,C,existing_extension_point,goga_forced_workflow,1
285,R07-TC-BF-03,R07,C,existing_extension_point,goga_forced_workflow,3
286,R01-TD-BF-04,R01,D,architecture_trap,goga_forced_workflow,4
287,R04-TB-BF-05,R04,B,cross_module_feature,goga_forced_workflow,5
288,R09-TB-BF-02,R09,B,cross_module_feature,goga_forced_workflow,2
289,R04-TC-BF-04,R04,C,existing_extension_point,goga_forced_workflow,4
290,R01-TD-BF-02,R01,D,architecture_trap,goga_forced_workflow,2
291,R03-TB-BF-09,R03,B,cross_module_feature,goga_forced_workflow,9
292,R07-TC-BF-09,R07,C,existing_extension_point,goga_forced_workflow,9
293,R10-TA-BF-04,R10,A,local_change,goga_forced_workflow,4
294,R04-TC-BF-01,R04,C,existing_extension_point,goga_forced_workflow,1
295,R06-TC-BF-03,R06,C,existing_extension_point,goga_forced_workflow,3
296,R01-TA-BF-04,R01,A,local_change,goga_forced_workflow,4
297,R01-TD-BF-09,R01,D,architecture_trap,goga_forced_workflow,9
298,R04-TB-BF-10,R04,B,cross_module_feature,goga_forced_workflow,10
299,R01-TD-BF-03,R01,D,architecture_trap,goga_forced_workflow,3
300,R04-TD-BF-01,R04,D,architecture_trap,goga_forced_workflow,1
301,R01-TA-BF-03,R01,A,local_change,goga_forced_workflow,3
302,R03-TB-BF-02,R03,B,cross_module_feature,goga_forced_workflow,2
303,R02-TD-BF-04,R02,D,architecture_trap,goga_forced_workflow,4
304,R02-TC-BF-03,R02,C,existing_extension_point,goga_forced_workflow,3
305,R07-TA-BF-03,R07,A,local_change,goga_forced_workflow,3
306,R01-TC-BF-05,R01,C,existing_extension_point,goga_forced_workflow,5
307,R06-TC-BF-02,R06,C,existing_extension_point,goga_forced_workflow,2
308,R01-TD-BF-01,R01,D,architecture_trap,goga_forced_workflow,1
309,R09-TA-BF-04,R09,A,local_change,goga_forced_workflow,4
310,R08-TD-BF-03,R08,D,architecture_trap,goga_forced_workflow,3
311,R05-TB-BF-05,R05,B,cross_module_feature,goga_forced_workflow,5
312,R05-TC-BF-05,R05,C,existing_extension_point,goga_forced_workflow,5
313,R10-TA-BF-07,R10,A,local_change,goga_forced_workflow,7
314,R10-TB-BF-07,R10,B,cross_module_feature,goga_forced_workflow,7
315,R03-TC-BF-02,R03,C,existing_extension_point,goga_forced_workflow,2
316,R08-TA-BF-09,R08,A,local_change,goga_forced_workflow,9
317,R05-TC-BF-03,R05,C,existing_extension_point,goga_forced_workflow,3
318,R10-TA-BF-10,R10,A,local_change,goga_forced_workflow,10
319,R07-TD-BF-09,R07,D,architecture_trap,goga_forced_workflow,9
320,R08-TA-BF-05,R08,A,local_change,goga_forced_workflow,5
321,R08-TC-BF-10,R08,C,existing_extension_point,goga_forced_workflow,10
322,R08-TB-BF-07,R08,B,cross_module_feature,goga_forced_workflow,7
323,R01-TA-BF-08,R01,A,local_change,goga_forced_workflow,8
324,R03-TD-BF-05,R03,D,architecture_trap,goga_forced_workflow,5
325,R10-TC-BF-07,R10,C,existing_extension_point,goga_forced_workflow,7
326,R10-TC-BF-05,R10,C,existing_extension_point,goga_forced_workflow,5
327,R04-TC-BF-03,R04,C,existing_extension_point,goga_forced_workflow,3
328,R09-TC-BF-05,R09,C,existing_extension_point,goga_forced_workflow,5
329,R08-TD-BF-06,R08,D,architecture_trap,goga_forced_workflow,6
330,R05-TB-BF-08,R05,B,cross_module_feature,goga_forced_workflow,8
331,R06-TD-BF-04,R06,D,architecture_trap,goga_forced_workflow,4
332,R07-TA-BF-08,R07,A,local_change,goga_forced_workflow,8
333,R03-TD-BF-10,R03,D,architecture_trap,goga_forced_workflow,10
334,R02-TD-BF-08,R02,D,architecture_trap,goga_forced_workflow,8
335,R07-TD-BF-07,R07,D,architecture_trap,goga_forced_workflow,7
336,R10-TB-BF-08,R10,B,cross_module_feature,goga_forced_workflow,8
337,R06-TD-BF-03,R06,D,architecture_trap,goga_forced_workflow,3
338,R09-TA-BF-03,R09,A,local_change,goga_forced_workflow,3
339,R07-TA-BF-02,R07,A,local_change,goga_forced_workflow,2
340,R05-TC-BF-10,R05,C,existing_extension_point,goga_forced_workflow,10
341,R05-TA-BF-09,R05,A,local_change,goga_forced_workflow,9
342,R09-TB-BF-05,R09,B,cross_module_feature,goga_forced_workflow,5
343,R01-TB-BF-10,R01,B,cross_module_feature,goga_forced_workflow,10
344,R06-TC-BF-04,R06,C,existing_extension_point,goga_forced_workflow,4
345,R01-TC-BF-03,R01,C,existing_extension_point,goga_forced_workflow,3
346,R01-TC-BF-06,R01,C,existing_extension_point,goga_forced_workflow,6
347,R04-TA-BF-07,R04,A,local_change,goga_forced_workflow,7
348,R04-TB-BF-03,R04,B,cross_module_feature,goga_forced_workflow,3
349,R02-TC-BF-07,R02,C,existing_extension_point,goga_forced_workflow,7
350,R03-TB-BF-07,R03,B,cross_module_feature,goga_forced_workflow,7
351,R03-TB-BF-08,R03,B,cross_module_feature,goga_forced_workflow,8
352,R07-TA-BF-04,R07,A,local_change,goga_forced_workflow,4
353,R07-TA-BF-05,R07,A,local_change,goga_forced_workflow,5
354,R02-TA-BF-10,R02,A,local_change,goga_forced_workflow,10
355,R05-TD-BF-08,R05,D,architecture_trap,goga_forced_workflow,8
356,R05-TB-BF-07,R05,B,cross_module_feature,goga_forced_workflow,7
357,R01-TB-BF-08,R01,B,cross_module_feature,goga_forced_workflow,8
358,R10-TD-BF-02,R10,D,architecture_trap,goga_forced_workflow,2
359,R09-TA-BF-01,R09,A,local_change,goga_forced_workflow,1
360,R02-TB-BF-06,R02,B,cross_module_feature,goga_forced_workflow,6
361,R05-TA-BF-02,R05,A,local_change,goga_forced_workflow,2
362,R04-TB-BF-09,R04,B,cross_module_feature,goga_forced_workflow,9
363,R02-TA-BF-09,R02,A,local_change,goga_forced_workflow,9
364,R08-TC-BF-02,R08,C,existing_extension_point,goga_forced_workflow,2
365,R01-TD-BF-06,R01,D,architecture_trap,goga_forced_workflow,6
366,R07-TC-BF-02,R07,C,existing_extension_point,goga_forced_workflow,2
367,R02-TB-BF-08,R02,B,cross_module_feature,goga_forced_workflow,8
368,R03-TA-BF-02,R03,A,local_change,goga_forced_workflow,2
369,R08-TD-BF-07,R08,D,architecture_trap,goga_forced_workflow,7
370,R04-TC-BF-05,R04,C,existing_extension_point,goga_forced_workflow,5
371,R05-TB-BF-04,R05,B,cross_module_feature,goga_forced_workflow,4
372,R01-TD-BF-08,R01,D,architecture_trap,goga_forced_workflow,8
373,R05-TC-BF-04,R05,C,existing_extension_point,goga_forced_workflow,4
374,R05-TA-BF-07,R05,A,local_change,goga_forced_workflow,7
375,R09-TC-BF-04,R09,C,existing_extension_point,goga_forced_workflow,4
376,R09-TD-BF-04,R09,D,architecture_trap,goga_forced_workflow,4
377,R06-TA-BF-08,R06,A,local_change,goga_forced_workflow,8
378,R08-TC-BF-03,R08,C,existing_extension_point,goga_forced_workflow,3
379,R05-TD-BF-04,R05,D,architecture_trap,goga_forced_workflow,4
380,R09-TA-BF-05,R09,A,local_change,goga_forced_workflow,5
381,R09-TD-BF-06,R09,D,architecture_trap,goga_forced_workflow,6
382,R04-TD-BF-06,R04,D,architecture_trap,goga_forced_workflow,6
383,R09-TD-BF-03,R09,D,architecture_trap,goga_forced_workflow,3
384,R07-TC-BF-04,R07,C,existing_extension_point,goga_forced_workflow,4
385,R03-TA-BF-01,R03,A,local_change,goga_forced_workflow,1
386,R02-TB-BF-02,R02,B,cross_module_feature,goga_forced_workflow,2
387,R01-TA-BF-05,R01,A,local_change,goga_forced_workflow,5
388,R08-TB-BF-02,R08,B,cross_module_feature,goga_forced_workflow,2
389,R10-TD-BF-06,R10,D,architecture_trap,goga_forced_workflow,6
390,R10-TD-BF-03,R10,D,architecture_trap,goga_forced_workflow,3
391,R01-TB-BF-05,R01,B,cross_module_feature,goga_forced_workflow,5
392,R04-TC-BF-09,R04,C,existing_extension_point,goga_forced_workflow,9
393,R03-TD-BF-06,R03,D,architecture_trap,goga_forced_workflow,6
394,R05-TD-BF-05,R05,D,architecture_trap,goga_forced_workflow,5
395,R03-TB-BF-01,R03,B,cross_module_feature,goga_forced_workflow,1
396,R02-TB-BF-10,R02,B,cross_module_feature,goga_forced_workflow,10
397,R09-TD-BF-10,R09,D,architecture_trap,goga_forced_workflow,10
398,R07-TD-BF-08,R07,D,architecture_trap,goga_forced_workflow,8
399,R07-TC-BF-07,R07,C,existing_extension_point,goga_forced_workflow,7
400,R06-TA-BF-10,R06,A,local_change,goga_forced_workflow,10
