repository,task,task_type,condition,n,n_functional_success,functional_success_rate,n_full_architecture_conformance,full_architecture_conformance_rate,n_dangerous_success,dangerous_success_rate,acr_mean,acr_median,acr_sd,acr_iqr,acr_min,acr_max,cost_usd_mean,cost_usd_median,cost_usd_total,duration_s_mean,duration_s_median,tokens_input_mean,tokens_output_mean,turns_mean,files_changed_mean
R01,A,local_change,baseline,10,0,0.0,6,0.6,0,0.0,0.9,1.0,0.1414213562373095,0.19999999999999996,0.6,1.0,1.7829513599999998,1.5355114500000002,17.8295136,470.9238,430.5345,103.0,20653.2,52.0,3.6
R01,A,local_change,goga,10,0,0.0,4,0.4,0,0.0,0.88,0.8,0.10327955589886442,0.19999999999999996,0.8,1.0,1.2345033149999998,1.3057066499999999,12.345033149999999,317.3377,330.27750000000003,77.9,13727.5,39.4,3.4
R01,B,cross_module_feature,baseline,10,0,0.0,0,0.0,0,0.0,0.24000000000000002,0.2,0.08432740427115679,0.0,0.2,0.4,5.066626455,4.771641375,50.666264549999994,729.0712,696.223,139.1,46644.1,77.1,7.1
R01,B,cross_module_feature,goga,10,0,0.0,0,0.0,0,0.0,0.2,0.2,0.0,0.0,0.2,0.2,5.305687755000001,4.661103150000001,53.05687755,654.1674,643.4285,144.8,47067.8,79.9,8.0
R01,C,existing_extension_point,baseline,10,2,0.2,10,1.0,0,0.0,1.0,1.0,0.0,0.0,1.0,1.0,1.7969352900000002,1.7704551000000002,17.9693529,304.38,292.211,78.4,24542.3,48.6,3.0
R01,C,existing_extension_point,goga,10,0,0.0,6,0.6,0,0.0,0.68,1.0,0.4131182235954578,0.8,0.2,1.0,1.74450531,1.79660865,17.4450531,280.7684,281.7015,71.7,23444.9,46.7,2.3
R01,D,architecture_trap,baseline,10,10,1.0,5,0.5,5,0.5,0.9166666666666667,0.9166666666666667,0.0878410461157883,0.16666666666666663,0.8333333333333334,1.0,1.77681279,1.7779227,17.7681279,527.0638,570.5540000000001,95.8,19863.5,49.1,2.1
R01,D,architecture_trap,goga,10,9,0.9,3,0.3,6,0.6,0.8666666666666667,0.8333333333333334,0.10540925533894598,0.16666666666666663,0.6666666666666666,1.0,1.65832281,1.65690705,16.5832281,401.606,374.15250000000003,80.7,18516.3,40.7,3.0
R02,A,local_change,baseline,10,0,0.0,10,1.0,0,0.0,1.0,1.0,0.0,0.0,1.0,1.0,0.6616783500000001,0.63286725,6.6167835,132.2691,131.9675,38.2,10633.4,21.2,2.4
R02,A,local_change,goga,10,0,0.0,0,0.0,0,0.0,0.75,0.75,0.0,0.0,0.75,0.75,0.7545819300000001,0.7375176,7.5458193,131.7564,123.60050000000001,44.6,11438.0,24.6,2.5
R02,B,cross_module_feature,baseline,10,6,0.6,0,0.0,6,0.6,0.8,0.8,0.0,0.0,0.8,0.8,2.2724959499999997,2.2263088499999997,22.724959499999997,338.8408,319.02750000000003,85.8,20029.4,44.0,6.0
R02,B,cross_module_feature,goga,10,7,0.7,0,0.0,7,0.7,0.8,0.8,0.0,0.0,0.8,0.8,2.196843015,2.0541315000000004,21.96843015,355.019,345.01099999999997,96.9,22219.6,49.7,6.3
R02,C,existing_extension_point,baseline,10,0,0.0,0,0.0,0,0.0,0.72,0.8,0.10327955589886448,0.20000000000000007,0.6,0.8,2.75385435,2.632581000000001,27.5385435,436.6587,450.99850000000004,113.8,32492.5,60.8,7.5
R02,C,existing_extension_point,goga,10,0,0.0,0,0.0,0,0.0,0.78,0.8,0.06324555320336761,0.0,0.6,0.8,3.194467485,2.811966975,31.94467485,482.66020000000003,468.149,109.7,35461.7,60.1,7.7
R02,D,architecture_trap,baseline,10,10,1.0,10,1.0,0,0.0,1.0,1.0,0.0,0.0,1.0,1.0,0.789850545,0.62684205,7.898505449999999,92.1631,85.44,38.5,6372.5,19.7,1.3
R02,D,architecture_trap,goga,10,10,1.0,10,1.0,0,0.0,1.0,1.0,0.0,0.0,1.0,1.0,0.80256891,0.6964044,8.0256891,144.36950000000002,121.3395,54.6,8568.7,27.8,1.4
R03,A,local_change,baseline,10,10,1.0,0,0.0,10,1.0,0.5,0.5,0.0,0.0,0.5,0.5,0.8166925500000001,0.7878535500000001,8.1669255,124.16170000000001,114.52600000000001,59.2,8530.3,32.7,5.5
R03,A,local_change,goga,10,9,0.9,0,0.0,9,0.9,0.475,0.5,0.07905694150420949,0.0,0.25,0.5,0.86067327,0.8440359000000001,8.6067327,123.6165,128.364,62.0,8915.5,33.7,5.1
R03,B,cross_module_feature,baseline,10,9,0.9,2,0.2,7,0.7,0.6799999999999999,0.6,0.16865480854231357,0.0,0.6,1.0,5.6270801399999995,5.719896075,56.270801399999996,1082.9698,1080.426,191.0,65636.3,98.7,8.5
R03,B,cross_module_feature,goga,10,6,0.6,5,0.5,3,0.3,0.8,0.8,0.21081851067789198,0.4,0.6,1.0,4.9266785099999995,4.9370186999999985,49.26678509999999,1072.9302,1144.7525,170.3,59262.2,91.2,8.5
R03,C,existing_extension_point,baseline,10,0,0.0,8,0.8,0,0.0,0.925,1.0,0.1687371394276382,0.0,0.5,1.0,3.5794467899999995,2.9844981750000006,35.7944679,655.5213,623.0654999999999,244.2,45325.6,76.5,17.3
R03,C,existing_extension_point,goga,10,1,0.1,7,0.7,0,0.0,0.925,1.0,0.12076147288491199,0.25,0.75,1.0,3.22720881,2.8068922500000006,32.2720881,524.3776,387.969,131.1,41151.2,68.5,14.8
R03,D,architecture_trap,baseline,10,9,0.9,2,0.2,7,0.7,0.8,0.8,0.1632993161855452,0.0,0.4,1.0,2.748039480000001,2.407668975000001,27.48039480000001,414.304,391.7665,111.6,29671.7,56.2,9.5
R03,D,architecture_trap,goga,10,6,0.6,1,0.1,5,0.5,0.5,0.8,0.4346134936801766,0.8,0.0,1.0,3.1048881599999993,2.826688799999999,31.048881599999994,517.1093,469.22400000000005,114.9,39270.4,64.7,6.9
R04,A,local_change,baseline,10,0,0.0,0,0.0,0,0.0,0.35,0.25,0.17480147469502524,0.25,0.25,0.75,2.57698638,2.4495945,25.7698638,478.3779,436.7595,95.6,30196.5,52.7,5.6
R04,A,local_change,goga,10,0,0.0,0,0.0,0,0.0,0.325,0.25,0.1687371394276382,0.0,0.25,0.75,2.325644175,2.25371055,23.256441749999997,488.3209,546.732,78.9,27094.4,43.5,5.9
R04,B,cross_module_feature,baseline,10,9,0.9,0,0.0,9,0.9,0.65,0.75,0.12909944487358058,0.25,0.5,0.75,3.458749125,3.5593005000000004,34.58749125,478.7294,487.318,115.9,27969.7,66.1,4.0
R04,B,cross_module_feature,goga,10,7,0.7,0,0.0,7,0.7,0.625,0.625,0.13176156917368248,0.25,0.5,0.75,4.2181370099999995,3.8246460749999986,42.181370099999995,714.7112999999999,713.085,137.8,34593.0,79.3,4.2
R04,C,existing_extension_point,baseline,10,6,0.6,0,0.0,6,0.6,0.625,0.625,0.13176156917368248,0.25,0.5,0.75,5.684968935,5.841847949999997,56.84968934999999,695.7006,739.961,184.9,34010.3,105.8,19.0
R04,C,existing_extension_point,goga,10,5,0.5,0,0.0,5,0.5,0.625,0.625,0.13176156917368248,0.25,0.5,0.75,6.1627539449999995,6.126452850000001,61.62753945,886.0675,902.1015,209.2,38981.8,116.8,18.0
R04,D,architecture_trap,baseline,10,0,0.0,0,0.0,0,0.0,0.5,0.5,0.0,0.0,0.5,0.5,5.762747639999999,5.923237199999999,57.62747639999999,867.461,863.857,166.6,52733.5,89.3,8.5
R04,D,architecture_trap,goga,10,0,0.0,0,0.0,0,0.0,0.5,0.5,0.0,0.0,0.5,0.5,6.633250184999999,6.9093086999999995,66.33250184999999,912.0982,942.691,188.1,57198.0,105.6,8.7
R05,A,local_change,baseline,10,10,1.0,10,1.0,0,0.0,1.0,1.0,0.0,0.0,1.0,1.0,1.27217694,1.2348462,12.721769400000001,205.4073,202.91899999999998,76.4,12652.5,38.8,5.9
R05,A,local_change,goga,10,10,1.0,10,1.0,0,0.0,1.0,1.0,0.0,0.0,1.0,1.0,1.2976608299999999,1.3138437,12.976608299999999,193.827,195.24200000000002,75.8,11641.5,38.6,6.4
R05,B,cross_module_feature,baseline,10,1,0.1,0,0.0,1,0.1,0.25,0.25,0.0,0.0,0.25,0.25,6.337913100000001,6.378562500000002,63.37913100000001,605.8493,758.0275,119.1,39605.0,59.8,9.2
R05,B,cross_module_feature,goga,10,1,0.1,0,0.0,1,0.1,0.25,0.25,0.0,0.0,0.25,0.25,5.69452728,5.4484772249999995,56.9452728,682.8451,668.4590000000001,141.8,54981.6,77.3,8.9
R05,C,existing_extension_point,baseline,10,10,1.0,0,0.0,10,1.0,0.75,0.75,0.0,0.0,0.75,0.75,3.8711436049999994,4.046537649999999,38.711436049999996,531.9417,484.778,150.5,41561.2,78.8,11.1
R05,C,existing_extension_point,goga,10,10,1.0,0,0.0,10,1.0,0.75,0.75,0.0,0.0,0.75,0.75,3.9351496249999998,3.73450545,39.35149625,601.4769,489.5795,140.7,41544.5,74.8,10.0
R05,D,architecture_trap,baseline,10,7,0.7,4,0.4,3,0.3,0.85,0.75,0.12909944487358058,0.25,0.75,1.0,5.2697818949999995,5.216434349999998,52.69781895,780.4561,794.663,177.6,52887.1,86.7,5.7
R05,D,architecture_trap,goga,10,6,0.6,4,0.4,3,0.3,0.85,0.75,0.12909944487358058,0.25,0.75,1.0,4.909245930000001,4.6655613,49.0924593,725.6663,675.8305,159.3,54590.0,80.9,5.2
R06,A,local_change,baseline,10,9,0.9,0,0.0,9,0.9,0.8,0.8,0.0,0.0,0.8,0.8,2.60593056,2.3807324999999997,26.0593056,396.3354,392.538,108.8,24537.8,55.5,5.5
R06,A,local_change,goga,10,10,1.0,0,0.0,10,1.0,0.8,0.8,0.0,0.0,0.8,0.8,2.7632245799999997,2.8729369499999997,27.632245799999996,483.904,448.99350000000004,136.2,30020.7,68.7,5.6
R06,B,cross_module_feature,baseline,10,1,0.1,0,0.0,1,0.1,0.6,0.6,0.09428090415820634,0.0,0.4,0.8,6.492854205,6.80760735,64.92854205,878.8927,884.924,192.7,50419.7,98.9,13.9
R06,B,cross_module_feature,goga,10,1,0.1,0,0.0,1,0.1,0.52,0.6,0.23475755815545346,0.39999999999999997,0.2,0.8,5.566158209999999,5.763742799999999,55.66158209999999,872.9523,831.9480000000001,182.4,58132.2,95.3,9.1
R06,C,existing_extension_point,baseline,10,10,1.0,2,0.2,8,0.8,0.8200000000000001,0.8,0.11352924243950933,0.0,0.6,1.0,1.548322485,1.4946598499999997,15.48322485,307.7328,283.5635,63.9,22692.9,32.4,2.9
R06,C,existing_extension_point,goga,10,10,1.0,2,0.2,8,0.8,0.76,0.8,0.2065591117977289,0.0,0.4,1.0,1.81701885,1.8660901499999998,18.170188500000002,383.0029,403.104,87.8,28586.8,44.5,3.4
R06,D,architecture_trap,baseline,10,10,1.0,5,0.5,5,0.5,0.9,0.9,0.10540925533894595,0.19999999999999996,0.8,1.0,5.53974562,5.742732600000001,55.3974562,1153.2763,1059.9895000000001,144.3,78916.8,72.4,5.3
R06,D,architecture_trap,goga,10,9,0.9,2,0.2,7,0.7,0.8200000000000001,0.8,0.11352924243950933,0.0,0.6,1.0,6.199400775,6.716753925000001,61.994007749999994,1271.9715999999999,1177.9119999999998,174.2,89620.5,88.4,6.6
R07,A,local_change,baseline,10,7,0.7,0,0.0,7,0.7,0.75,0.75,0.0,0.0,0.75,0.75,1.66725795,1.7504855249999998,16.672579499999998,264.1591,254.5765,65.6,16510.0,34.2,3.0
R07,A,local_change,goga,10,7,0.7,0,0.0,7,0.7,0.75,0.75,0.0,0.0,0.75,0.75,1.7284930649999999,1.50716265,17.28493065,263.6343,246.5365,63.7,17315.5,35.7,3.0
R07,B,cross_module_feature,baseline,10,0,0.0,0,0.0,0,0.0,0.4,0.4,0.0,0.0,0.4,0.4,3.34807791,1.7462472750000004,33.4807791,301.78589999999997,135.6885,71.2,24999.6,42.6,4.8
R07,B,cross_module_feature,goga,10,0,0.0,0,0.0,0,0.0,0.4,0.4,0.0,0.0,0.4,0.4,3.326871315,2.8329549000000003,33.268713149999996,381.5298,304.167,74.6,27645.7,47.3,3.9
R07,C,existing_extension_point,baseline,10,9,0.9,0,0.0,9,0.9,0.725,0.75,0.07905694150420949,0.0,0.5,0.75,3.41905801,3.321407325,34.1905801,574.2864999999999,598.939,102.7,39199.3,60.5,8.3
R07,C,existing_extension_point,goga,10,10,1.0,0,0.0,10,1.0,0.75,0.75,0.0,0.0,0.75,0.75,4.579958585,4.5390295499999995,45.79958585,708.7916,711.728,128.4,48302.6,75.6,9.7
R07,D,architecture_trap,baseline,10,0,0.0,0,0.0,0,0.0,0.4,0.4,0.0,0.0,0.4,0.4,3.00522597,2.968167525,30.052259700000004,523.7654,556.914,97.2,37049.1,52.7,9.1
R07,D,architecture_trap,goga,10,0,0.0,0,0.0,0,0.0,0.4,0.4,0.0,0.0,0.4,0.4,3.112699155,2.8664020499999996,31.126991550000003,509.1743,483.019,102.1,37723.2,54.7,9.2
R08,A,local_change,baseline,10,10,1.0,9,0.9,1,0.1,0.975,1.0,0.07905694150420949,0.0,0.75,1.0,0.90536745,0.9058816500000001,9.0536745,159.317,146.1515,45.3,7770.6,24.2,1.0
R08,A,local_change,goga,10,10,1.0,10,1.0,0,0.0,1.0,1.0,0.0,0.0,1.0,1.0,1.084611735,0.88216305,10.84611735,140.0446,154.672,44.7,8512.4,24.5,1.0
R08,B,cross_module_feature,baseline,10,0,0.0,0,0.0,0,0.0,0.7,0.75,0.10540925533894598,0.0,0.5,0.75,5.914594634999999,6.675014774999999,59.145946349999996,606.7968999999999,675.6755,115.8,45245.0,63.4,7.8
R08,B,cross_module_feature,goga,10,0,0.0,0,0.0,0,0.0,0.325,0.25,0.12076147288491199,0.25,0.25,0.5,4.225592685,3.8419215,42.25592685,639.6846,626.7539999999999,91.7,37352.8,56.8,3.8
R08,C,existing_extension_point,baseline,10,0,0.0,0,0.0,0,0.0,0.25,0.25,0.2041241452319315,0.5,0.0,0.5,3.4933037999999996,3.389883749999999,34.933037999999996,531.0665,437.51800000000003,100.5,32547.0,51.3,6.5
R08,C,existing_extension_point,goga,10,0,0.0,0,0.0,0,0.0,0.175,0.25,0.1687371394276382,0.25,0.0,0.5,3.765630975,3.932966175,37.65630975,589.6005,578.188,103.4,35646.1,55.6,5.9
R08,D,architecture_trap,baseline,10,6,0.6,9,0.9,1,0.1,0.975,1.0,0.07905694150420949,0.0,0.75,1.0,3.2045201850000002,3.0210603000000003,32.04520185,552.3869,584.423,98.9,28804.4,50.1,2.0
R08,D,architecture_trap,goga,10,4,0.4,8,0.8,0,0.0,0.95,1.0,0.10540925533894598,0.0,0.75,1.0,4.5417927449999995,4.357272749999999,45.41792744999999,561.7362,516.7885,105.3,34702.2,53.1,2.2
R09,A,local_change,baseline,10,10,1.0,9,0.9,1,0.1,0.975,1.0,0.07905694150420949,0.0,0.75,1.0,1.131786555,1.13645145,11.31786555,294.4208,329.788,39.5,8607.9,20.2,2.8
R09,A,local_change,goga,10,9,0.9,9,0.9,0,0.0,0.975,1.0,0.07905694150420949,0.0,0.75,1.0,1.1522398800000002,1.158298275,11.522398800000001,356.6386,314.6725,39.5,9040.2,20.1,2.9
R09,B,cross_module_feature,baseline,10,0,0.0,10,1.0,0,0.0,1.0,1.0,0.0,0.0,1.0,1.0,5.73108522,5.8609809,57.3108522,591.1464,486.1415,157.5,36764.7,89.5,13.1
R09,B,cross_module_feature,goga,10,0,0.0,10,1.0,0,0.0,1.0,1.0,0.0,0.0,1.0,1.0,5.707847940000001,5.695433249999999,57.0784794,415.2893,386.041,136.0,33118.0,76.2,12.3
R09,C,existing_extension_point,baseline,10,7,0.7,8,0.8,0,0.0,0.96,1.0,0.08432740427115676,0.0,0.8,1.0,4.582366799999999,4.613201699999999,45.82366799999999,819.887,770.0455,120.1,49485.9,76.7,9.8
R09,C,existing_extension_point,goga,10,6,0.6,5,0.5,1,0.1,0.88,0.9,0.1398411797560202,0.19999999999999996,0.6,1.0,4.1505361800000005,4.267944450000001,41.5053618,901.1026,738.5425,111.5,46287.3,70.0,9.6
R09,D,architecture_trap,baseline,10,0,0.0,0,0.0,0,0.0,0.525,0.5,0.07905694150420949,0.0,0.5,0.75,1.504961895,1.460496675,15.049618950000001,228.4937,206.00799999999998,55.1,10682.4,28.2,2.3
R09,D,architecture_trap,goga,10,0,0.0,0,0.0,0,0.0,0.5,0.5,0.0,0.0,0.5,0.5,1.59730125,1.5090177750000002,15.973012499999998,285.8017,272.4335,58.0,10478.4,30.3,2.6
R10,A,local_change,baseline,10,10,1.0,0,0.0,10,1.0,0.25,0.25,0.0,0.0,0.25,0.25,1.3338685949999998,1.1783234249999999,13.338685949999999,174.4445,141.748,60.7,11328.7,32.4,6.0
R10,A,local_change,goga,10,10,1.0,0,0.0,10,1.0,0.25,0.25,0.0,0.0,0.25,0.25,1.5732740850000004,1.1672026500000001,15.732740850000004,168.4544,133.529,59.1,12232.4,32.3,6.0
R10,B,cross_module_feature,baseline,10,0,0.0,0,0.0,0,0.0,0.25,0.25,0.0,0.0,0.25,0.25,2.6225504849999997,1.54562235,26.225504849999997,388.3945,206.6775,85.8,33621.5,45.6,4.3
R10,B,cross_module_feature,goga,10,0,0.0,0,0.0,0,0.0,0.25,0.25,0.0,0.0,0.25,0.25,3.0186045449999996,2.06662275,30.186045449999998,339.8376,276.571,89.1,28563.5,46.5,4.3
R10,C,existing_extension_point,baseline,10,0,0.0,0,0.0,0,0.0,0.0,0.0,0.0,0.0,0.0,0.0,3.4483957049999994,2.2633678500000007,34.483957049999994,506.9187,350.432,131.2,40492.8,70.4,8.0
R10,C,existing_extension_point,goga,10,0,0.0,0,0.0,0,0.0,0.0,0.0,0.0,0.0,0.0,0.0,3.0441240749999996,2.27184,30.44124075,442.89029999999997,316.5025,105.7,36981.8,62.1,5.0
R10,D,architecture_trap,baseline,10,0,0.0,0,0.0,0,0.0,0.0,0.0,0.0,0.0,0.0,0.0,2.8580306999999996,2.1560634,28.580306999999998,361.5723,328.5185,101.9,30496.3,53.6,5.1
R10,D,architecture_trap,goga,10,0,0.0,0,0.0,0,0.0,0.0,0.0,0.0,0.0,0.0,0.0,2.9967922199999997,2.30213115,29.967922199999997,402.4439,346.1865,93.1,36172.7,56.1,3.7
